filename	0	0		2.0 Mapping Tables - Hospitals/McLaren Lapeer Region ADT 2.0 table 03-03-2022.xlsx			
MSH-4	2	1	Hospital Value	Description			4
MSH-4	3	1	2.16.840.1.113883.3.1481.1.2.2	Hospital Name			2
MSH-4	4	1	2.16.840.1.113883.3.4376.200	McLaren Lapeer			00000000
PID-8	2	3	MiHIN Value	Description	Hospital Value		4
PID-8	3	3	M	Male	M		2
PID-8	4	3	F	Female	F		4
PID-8	5	3	M	Male	M		4
PID-8	6	3	O	Other			4
PID-8	7	3	U	Unknown	U		4
PID-8	8	3	A	Ambiguous			4
PID-8	9	3	N	Not Applicable			4
PID-10	2	6	MiHIN Value	Description	Hospital Value		4
PID-10	3	6	2106-3	White	W		2
PID-10	4	6		Abenaki	Abenaki		4
PID-10	5	6		Absentee Shawnee	Absentee Shawnee		4
PID-10	6	6		Acoma	Acoma		4
PID-10	7	6		Afghanistani	Afghanistani		4
PID-10	8	6		African	African		4
PID-10	9	6		African American	African American		4
PID-10	10	6		Agdaagux	Agdaagux		4
PID-10	11	6		Agua Caliente	Agua Caliente		4
PID-10	12	6		Agua Caliente Cahuilla	Agua Caliente Cahuilla		4
PID-10	13	6		Ahtna	Ahtna		4
PID-10	14	6		Ak-Chin	Ak-Chin		4
PID-10	15	6		Akhiok	Akhiok		4
PID-10	16	6		Akiachak	Akiachak		4
PID-10	17	6		Akiak	Akiak		4
PID-10	18	6		Akutan	Akutan		4
PID-10	19	6		Alabama Coushatta	Alabama Coushatta		4
PID-10	20	6		Alabama Creek	Alabama Creek		4
PID-10	21	6		Alabama Quassarte	Alabama Quassarte		4
PID-10	22	6		Alakanuk	Alakanuk		4
PID-10	23	6		Alamo Navajo	Alamo Navajo		4
PID-10	24	6		Alanvik	Alanvik		4
PID-10	25	6		Alaska Indian	Alaska Indian		4
PID-10	26	6		Alaska Native	Alaska Native		4
PID-10	27	6		Alaskan Athabascan	Alaskan Athabascan		4
PID-10	28	6		Alatna	Alatna		4
PID-10	29	6		Aleknagik	Aleknagik		4
PID-10	30	6		Aleut	Aleut		4
PID-10	31	6		Aleut Corporation	Aleut Corporation		4
PID-10	32	6		Aleutian	Aleutian		4
PID-10	33	6		Aleutian Islander	Aleutian Islander		4
PID-10	34	6		Alexander	Alexander		4
PID-10	35	6		Algonquian	Algonquian		4
PID-10	36	6		Allakaket	Allakaket		4
PID-10	37	6		Allen Canyon	Allen Canyon		4
PID-10	38	6		Alpine	Alpine		4
PID-10	39	6		Alsea	Alsea		4
PID-10	40	6		Alutiiq Aleut	Alutiiq Aleut		4
PID-10	41	6		Ambler	Ambler		4
PID-10	42	6		American Indian	American Indian		4
PID-10	43	6	1002-5	American Indian or Alaska Native	AMERICAN_INDIAN		4
PID-10	44	6		Anaktuvuk	Anaktuvuk		4
PID-10	45	6		Anaktuvuk Pass	Anaktuvuk Pass		4
PID-10	46	6		Andreafsky	Andreafsky		4
PID-10	47	6		Angoon	Angoon		4
PID-10	48	6		Aniak	Aniak		4
PID-10	49	6		Anvik	Anvik		4
PID-10	50	6		Apache	Apache		4
PID-10	51	6		Arab	Arab		4
PID-10	52	6		Arapaho	Arapaho		4
PID-10	53	6		Arctic	Arctic		4
PID-10	54	6		Arctic Slope Corporation	Arctic Slope Corporation		4
PID-10	55	6		Arctic Slope Inupiat	Arctic Slope Inupiat		4
PID-10	56	6		Arikara	Arikara		4
PID-10	57	6		Arizona Tewa	Arizona Tewa		4
PID-10	58	6		Armenian	Armenian		4
PID-10	59	6		Aroostook	Aroostook		4
PID-10	60	6	2028-9	Asian	ASIAN		4
PID-10	61	6		Asian Indian	Asian Indian		4
PID-10	62	6		Assiniboine	Assiniboine		4
PID-10	63	6		Assiniboine Sioux	Assiniboine Sioux		4
PID-10	64	6		Assyrian	Assyrian		4
PID-10	65	6		Atka	Atka		4
PID-10	66	6		Atmautluak	Atmautluak		4
PID-10	67	6		Atqasuk	Atqasuk		4
PID-10	68	6		Atsina	Atsina		4
PID-10	69	6		Attacapa	Attacapa		4
PID-10	70	6		Augustine	Augustine		4
PID-10	71	6		Bad River	Bad River		4
PID-10	72	6		Bahamian	Bahamian		4
PID-10	73	6		Bangladeshi	Bangladeshi		4
PID-10	74	6		Bannock	Bannock		4
PID-10	75	6		Barbadian	Barbadian		4
PID-10	76	6		Barrio Libre	Barrio Libre		4
PID-10	77	6		Barrow	Barrow		4
PID-10	78	6		Battle Mountain	Battle Mountain		4
PID-10	79	6		Bay Mills Chippewa	Bay Mills Chippewa		4
PID-10	80	6		Beaver	Beaver		4
PID-10	81	6		Belkofski	Belkofski		4
PID-10	82	6		Bering Straits Inupiat	Bering Straits Inupiat		4
PID-10	83	6		Bethel	Bethel		4
PID-10	84	6		Bhutanese	Bhutanese		4
PID-10	85	6		Big Cypress	Big Cypress		4
PID-10	86	6		Bill Moore's Slough	Bill Moore's Slough		4
PID-10	87	6		Biloxi	Biloxi		4
PID-10	88	6		Birch Creek	Birch Creek		4
PID-10	89	6		Bishop	Bishop		4
PID-10	90	6	2054-5	Black	Black		4
PID-10	91	6		Black or African American	BLACK		4
PID-10	92	6		Blackfeet	Blackfeet		4
PID-10	93	6		Blackfoot Sioux	Blackfoot Sioux		4
PID-10	94	6		Bois Forte	Bois Forte		4
PID-10	95	6		Botswanan	Botswanan		4
PID-10	96	6		Brevig Mission	Brevig Mission		4
PID-10	97	6		Bridgeport	Bridgeport		4
PID-10	98	6		Brighton	Brighton		4
PID-10	99	6		Bristol Bay Aleut	Bristol Bay Aleut		4
PID-10	100	6		Bristol Bay Yupik	Bristol Bay Yupik		4
PID-10	101	6		Brotherton	Brotherton		4
PID-10	102	6		Brule Sioux	Brule Sioux		4
PID-10	103	6		Buckland	Buckland		4
PID-10	104	6		Burmese	Burmese		4
PID-10	105	6		Burns Paiute	Burns Paiute		4
PID-10	106	6		Burt Lake Band	Burt Lake Band		4
PID-10	107	6		Burt Lake Chippewa	Burt Lake Chippewa		4
PID-10	108	6		Burt Lake Ottawa	Burt Lake Ottawa		4
PID-10	109	6		Cabazon	Cabazon		4
PID-10	110	6		Caddo	Caddo		4
PID-10	111	6		Cahto	Cahto		4
PID-10	112	6		Cahuilla	Cahuilla		4
PID-10	113	6		California Tribes	California Tribes		4
PID-10	114	6		Calista Yupik	Calista Yupik		4
PID-10	115	6		Cambodian	Cambodian		4
PID-10	116	6		Campo	Campo		4
PID-10	117	6		Canadian Indian	Canadian Indian		4
PID-10	118	6		Canadian and Latin American Indian	Canadian and Latin American Indian		4
PID-10	119	6		Canoncito Navajo	Canoncito Navajo		4
PID-10	120	6		Cantwell	Cantwell		4
PID-10	121	6		Capitan Grande	Capitan Grande		4
PID-10	122	6		Carolinian	Carolinian		4
PID-10	123	6		Carson	Carson		4
PID-10	124	6		Catawba	Catawba		4
PID-10	125	6		Cayuga	Cayuga		4
PID-10	126	6		Cayuse	Cayuse		4
PID-10	127	6		Cedarville	Cedarville		4
PID-10	128	6		Celilo	Celilo		4
PID-10	129	6		Central American Indian	Central American Indian		4
PID-10	130	6		Central Council of Tlinglit/Haida Tribes	Central Council of Tlinglit/Haida Tribes		4
PID-10	131	6		Central Pomo	Central Pomo		4
PID-10	132	6		Chalkyitsik	Chalkyitsik		4
PID-10	133	6		Chamorro	Chamorro		4
PID-10	134	6		Chefornak	Chefornak		4
PID-10	135	6		Chehalis	Chehalis		4
PID-10	136	6		Chemakuan	Chemakuan		4
PID-10	137	6		Chemehuevi	Chemehuevi		4
PID-10	138	6		Chenega	Chenega		4
PID-10	139	6		Cherokee	Cherokee		4
PID-10	140	6		Cherokee Alabama	Cherokee Alabama		4
PID-10	141	6		Cherokee Shawnee	Cherokee Shawnee		4
PID-10	142	6		Cherokee of Northeast Alabama	Cherokee of Northeast Alabama		4
PID-10	143	6		Cherokee of Southeast Alabama	Cherokee of Southeast Alabama		4
PID-10	144	6		Chevak	Chevak		4
PID-10	145	6		Cheyenne	Cheyenne		4
PID-10	146	6		Cheyenne River Sioux	Cheyenne River Sioux		4
PID-10	147	6		Cheyenne-Arapaho	Cheyenne-Arapaho		4
PID-10	148	6		Chickahominy	Chickahominy		4
PID-10	149	6		Chickaloon	Chickaloon		4
PID-10	150	6		Chickasaw	Chickasaw		4
PID-10	151	6		Chignik	Chignik		4
PID-10	152	6		Chignik Lagoon	Chignik Lagoon		4
PID-10	153	6		Chignik Lake	Chignik Lake		4
PID-10	154	6		Chilkat	Chilkat		4
PID-10	155	6		Chilkoot	Chilkoot		4
PID-10	156	6		Chimariko	Chimariko		4
PID-10	157	6		Chinese	Chinese		4
PID-10	158	6		Chinik	Chinik		4
PID-10	159	6		Chinook	Chinook		4
PID-10	160	6		Chippewa	Chippewa		4
PID-10	161	6		Chippewa Cree	Chippewa Cree		4
PID-10	162	6		Chiricahua	Chiricahua		4
PID-10	163	6		Chistochina	Chistochina		4
PID-10	164	6		Chitimacha	Chitimacha		4
PID-10	165	6		Chitina	Chitina		4
PID-10	166	6		Choctaw	Choctaw		4
PID-10	167	6		Chuathbaluk	Chuathbaluk		4
PID-10	168	6		Chugach Aleut	Chugach Aleut		4
PID-10	169	6		Chugach Corporation	Chugach Corporation		4
PID-10	170	6		Chukchansi	Chukchansi		4
PID-10	171	6		Chumash	Chumash		4
PID-10	172	6		Chuukese	Chuukese		4
PID-10	173	6		Circle	Circle		4
PID-10	174	6		Citizen Band Potawatomi	Citizen Band Potawatomi		4
PID-10	175	6		Clark's Point	Clark's Point		4
PID-10	176	6		Clatsop	Clatsop		4
PID-10	177	6		Clear Lake	Clear Lake		4
PID-10	178	6		Clifton Choctaw	Clifton Choctaw		4
PID-10	179	6		Coast Miwok	Coast Miwok		4
PID-10	180	6		Coast Yurok	Coast Yurok		4
PID-10	181	6		Cochiti	Cochiti		4
PID-10	182	6		Cocopah	Cocopah		4
PID-10	183	6		Coeur D'Alene	Coeur D'Alene		4
PID-10	184	6		Coharie	Coharie		4
PID-10	185	6		Colorado River	Colorado River		4
PID-10	186	6		Columbia	Columbia		4
PID-10	187	6		Columbia River Chinook	Columbia River Chinook		4
PID-10	188	6		Colville	Colville		4
PID-10	189	6		Comanche	Comanche		4
PID-10	190	6		Cook Inlet	Cook Inlet		4
PID-10	191	6		Coos	Coos		4
PID-10	192	6		Coos Lower Umpqua Siuslaw	Coos Lower Umpqua Siuslaw		4
PID-10	193	6		Copper Center	Copper Center		4
PID-10	194	6		Copper River	Copper River		4
PID-10	195	6		Coquilles	Coquilles		4
PID-10	196	6		Costanoan	Costanoan		4
PID-10	197	6		Council	Council		4
PID-10	198	6		Coushatta	Coushatta		4
PID-10	199	6		Cow Creek Umpqua	Cow Creek Umpqua		4
PID-10	200	6		Cowlitz	Cowlitz		4
PID-10	201	6		Craig	Craig		4
PID-10	202	6		Cree	Cree		4
PID-10	203	6		Creek	Creek		4
PID-10	204	6		Croatan	Croatan		4
PID-10	205	6		Crooked Creek	Crooked Creek		4
PID-10	206	6		Crow	Crow		4
PID-10	207	6		Crow Creek Sioux	Crow Creek Sioux		4
PID-10	208	6		Cupeno	Cupeno		4
PID-10	209	6		Cuyapaipe	Cuyapaipe		4
PID-10	210	6		Dakota Sioux	Dakota Sioux		4
PID-10	211	6		Deering	Deering		4
PID-10	212	6		Delaware	Delaware		4
PID-10	213	6		Diegueno	Diegueno		4
PID-10	214	6		Digger	Digger		4
PID-10	215	6		Dillingham	Dillingham		4
PID-10	216	6		Dominica Islander	Dominica Islander		4
PID-10	217	6		Dominican	Dominican		4
PID-10	218	6		Dot Lake	Dot Lake		4
PID-10	219	6		Douglas	Douglas		4
PID-10	220	6		Doyon	Doyon		4
PID-10	221	6		Dresslerville	Dresslerville		4
PID-10	222	6		Dry Creek	Dry Creek		4
PID-10	223	6		Duck Valley	Duck Valley		4
PID-10	224	6		Duckwater	Duckwater		4
PID-10	225	6		Duwamish	Duwamish		4
PID-10	226	6		Eagle	Eagle		4
PID-10	227	6		Eastern Cherokee	Eastern Cherokee		4
PID-10	228	6		Eastern Chickahominy	Eastern Chickahominy		4
PID-10	229	6		Eastern Creek	Eastern Creek		4
PID-10	230	6		Eastern Delaware	Eastern Delaware		4
PID-10	231	6		Eastern Muscogee	Eastern Muscogee		4
PID-10	232	6		Eastern Pomo	Eastern Pomo		4
PID-10	233	6		Eastern Shawnee	Eastern Shawnee		4
PID-10	234	6		Eastern Tribes	Eastern Tribes		4
PID-10	235	6		Echota Cherokee	Echota Cherokee		4
PID-10	236	6		Eek	Eek		4
PID-10	237	6		Egegik	Egegik		4
PID-10	238	6		Egyptian	Egyptian		4
PID-10	239	6		Eklutna	Eklutna		4
PID-10	240	6		Ekuk	Ekuk		4
PID-10	241	6		Ekwok	Ekwok		4
PID-10	242	6		Elim	Elim		4
PID-10	243	6		Elko	Elko		4
PID-10	244	6		Ely	Ely		4
PID-10	245	6		Emmonak	Emmonak		4
PID-10	246	6		English	English		4
PID-10	247	6		English Bay	English Bay		4
PID-10	248	6		Eskimo	Eskimo		4
PID-10	249	6		Esselen	Esselen		4
PID-10	250	6		Ethiopian	Ethiopian		4
PID-10	251	6		Etowah Cherokee	Etowah Cherokee		4
PID-10	252	6		European	European		4
PID-10	253	6		Evansville	Evansville		4
PID-10	254	6		Eyak	Eyak		4
PID-10	255	6		Fallon	Fallon		4
PID-10	256	6		False Pass	False Pass		4
PID-10	257	6		Fijian	Fijian		4
PID-10	258	6		Filipino	Filipino		4
PID-10	259	6		Flandreau Santee	Flandreau Santee		4
PID-10	260	6		Florida Seminole	Florida Seminole		4
PID-10	261	6		Fond Du Lac	Fond Du Lac		4
PID-10	262	6		Forest County	Forest County		4
PID-10	263	6		Fort Belknap	Fort Belknap		4
PID-10	264	6		Fort Berthold	Fort Berthold		4
PID-10	265	6		Fort Bidwell	Fort Bidwell		4
PID-10	266	6		Fort Hall	Fort Hall		4
PID-10	267	6		Fort Independence	Fort Independence		4
PID-10	268	6		Fort Mcdermitt	Fort Mcdermitt		4
PID-10	269	6		Fort Mcdowell	Fort Mcdowell		4
PID-10	270	6		Fort Peck	Fort Peck		4
PID-10	271	6		Fort Peck Assiniboine Sioux	Fort Peck Assiniboine Sioux		4
PID-10	272	6		Fort Sill Apache	Fort Sill Apache		4
PID-10	273	6		Fort Yukon	Fort Yukon		4
PID-10	274	6		French	French		4
PID-10	275	6		French American Indian	French American Indian		4
PID-10	276	6		Gabrieleno	Gabrieleno		4
PID-10	277	6		Gakona	Gakona		4
PID-10	278	6		Galena	Galena		4
PID-10	279	6		Gambell	Gambell		4
PID-10	280	6		Gay Head Wampanoag	Gay Head Wampanoag		4
PID-10	281	6		Georgetown (Eastern Tribes)	Georgetown (Eastern Tribes)		4
PID-10	282	6		Georgetown (Yupik-Eskimo)	Georgetown (Yupik-Eskimo)		4
PID-10	283	6		German	German		4
PID-10	284	6		Gila Bend	Gila Bend		4
PID-10	285	6		Gila River Pima-Maricopa	Gila River Pima-Maricopa		4
PID-10	286	6		Golovin	Golovin		4
PID-10	287	6		Goodnews Bay	Goodnews Bay		4
PID-10	288	6		Goshute	Goshute		4
PID-10	289	6		Grand Portage	Grand Portage		4
PID-10	290	6		Grand Ronde	Grand Ronde		4
PID-10	291	6		Grand Traverse Band of Ottawa/Chippewa	Grand Traverse Band of Ottawa/Chippewa		4
PID-10	292	6		Grayling	Grayling		4
PID-10	293	6		Greenland Eskimo	Greenland Eskimo		4
PID-10	294	6		Gros Ventres	Gros Ventres		4
PID-10	295	6		Guamanian	Guamanian		4
PID-10	296	6		Guamanian or Chamorro	Guamanian or Chamorro		4
PID-10	297	6		Gulkana	Gulkana		4
PID-10	298	6		Haida	Haida		4
PID-10	299	6		Haitian	Haitian		4
PID-10	300	6		Haliwa	Haliwa		4
PID-10	301	6		Hannahville	Hannahville		4
PID-10	302	6		Havasupai	Havasupai		4
PID-10	303	6		Healy Lake	Healy Lake		4
PID-10	304	6		Hidatsa	Hidatsa		4
PID-10	305	6		Hmong	Hmong		4
PID-10	306	6		Ho-Chunk	Ho-Chunk		4
PID-10	307	6		Hoh	Hoh		4
PID-10	308	6		Hollywood Seminole	Hollywood Seminole		4
PID-10	309	6		Holy Cross	Holy Cross		4
PID-10	310	6		Hoonah	Hoonah		4
PID-10	311	6		Hoopa	Hoopa		4
PID-10	312	6		Hoopa Extension	Hoopa Extension		4
PID-10	313	6		Hooper Bay	Hooper Bay		4
PID-10	314	6		Hopi	Hopi		4
PID-10	315	6		Houma	Houma		4
PID-10	316	6		Hualapai	Hualapai		4
PID-10	317	6		Hughes	Hughes		4
PID-10	318	6		Huron Potawatomi	Huron Potawatomi		4
PID-10	319	6		Huslia	Huslia		4
PID-10	320	6		Hydaburg	Hydaburg		4
PID-10	321	6		Igiugig	Igiugig		4
PID-10	322	6		Iliamna	Iliamna		4
PID-10	323	6		Illinois Miami	Illinois Miami		4
PID-10	324	6		Inaja-Cosmit	Inaja-Cosmit		4
PID-10	325	6		Inalik Diomede	Inalik Diomede		4
PID-10	326	6		Indian Township	Indian Township		4
PID-10	327	6		Indiana Miami	Indiana Miami		4
PID-10	328	6		Indonesian	Indonesian		4
PID-10	329	6		Inupiaq	Inupiaq		4
PID-10	330	6		Inupiat Eskimo	Inupiat Eskimo		4
PID-10	331	6		Iowa	Iowa		4
PID-10	332	6		Iowa Sac and Fox	Iowa Sac and Fox		4
PID-10	333	6		Iowa of Kansas-Nebraska	Iowa of Kansas-Nebraska		4
PID-10	334	6		Iowa of Oklahoma	Iowa of Oklahoma		4
PID-10	335	6		Iqurmuit (Russian Mission)	Iqurmuit (Russian Mission)		4
PID-10	336	6		Iranian	Iranian		4
PID-10	337	6		Iraqi	Iraqi		4
PID-10	338	6		Irish	Irish		4
PID-10	339	6		Iroquois	Iroquois		4
PID-10	340	6		Isleta	Isleta		4
PID-10	341	6		Israeili	Israeili		4
PID-10	342	6		Italian	Italian		4
PID-10	343	6		Ivanof Bay	Ivanof Bay		4
PID-10	344	6		Iwo Jiman	Iwo Jiman		4
PID-10	345	6		Jamaican	Jamaican		4
PID-10	346	6		Jamestown	Jamestown		4
PID-10	347	6		Japanese	Japanese		4
PID-10	348	6		Jemez	Jemez		4
PID-10	349	6		Jena Choctaw	Jena Choctaw		4
PID-10	350	6		Jicarilla Apache	Jicarilla Apache		4
PID-10	351	6		Juaneno	Juaneno		4
PID-10	352	6		Kaibab	Kaibab		4
PID-10	353	6		Kake	Kake		4
PID-10	354	6		Kaktovik	Kaktovik		4
PID-10	355	6		Kalapuya	Kalapuya		4
PID-10	356	6		Kalispel	Kalispel		4
PID-10	357	6		Kalskag	Kalskag		4
PID-10	358	6		Kaltag	Kaltag		4
PID-10	359	6		Karluk	Karluk		4
PID-10	360	6		Karuk	Karuk		4
PID-10	361	6		Kasaan	Kasaan		4
PID-10	362	6		Kashia	Kashia		4
PID-10	363	6		Kasigluk	Kasigluk		4
PID-10	364	6		Kathlamet	Kathlamet		4
PID-10	365	6		Kaw	Kaw		4
PID-10	366	6		Kawaiisu	Kawaiisu		4
PID-10	367	6		Kawerak	Kawerak		4
PID-10	368	6		Kenaitze	Kenaitze		4
PID-10	369	6		Keres	Keres		4
PID-10	370	6		Kern River	Kern River		4
PID-10	371	6		Ketchikan	Ketchikan		4
PID-10	372	6		Keweenaw	Keweenaw		4
PID-10	373	6		Kialegee	Kialegee		4
PID-10	374	6		Kiana	Kiana		4
PID-10	375	6		Kickapoo	Kickapoo		4
PID-10	376	6		Kikiallus	Kikiallus		4
PID-10	377	6		King Cove	King Cove		4
PID-10	378	6		King Salmon	King Salmon		4
PID-10	379	6		Kiowa	Kiowa		4
PID-10	380	6		Kipnuk	Kipnuk		4
PID-10	381	6		Kiribati	Kiribati		4
PID-10	382	6		Kivalina	Kivalina		4
PID-10	383	6		Klallam	Klallam		4
PID-10	384	6		Klamath	Klamath		4
PID-10	385	6		Klawock	Klawock		4
PID-10	386	6		Kluti Kaah	Kluti Kaah		4
PID-10	387	6		Knik	Knik		4
PID-10	388	6		Kobuk	Kobuk		4
PID-10	389	6		Kodiak	Kodiak		4
PID-10	390	6		Kokhanok	Kokhanok		4
PID-10	391	6		Koliganek	Koliganek		4
PID-10	392	6		Kongiganak	Kongiganak		4
PID-10	393	6		Koniag Aleut	Koniag Aleut		4
PID-10	394	6		Konkow	Konkow		4
PID-10	395	6		Kootenai	Kootenai		4
PID-10	396	6		Korean	Korean		4
PID-10	397	6		Kosraean	Kosraean		4
PID-10	398	6		Kotlik	Kotlik		4
PID-10	399	6		Kotzebue	Kotzebue		4
PID-10	400	6		Koyuk	Koyuk		4
PID-10	401	6		Koyukuk	Koyukuk		4
PID-10	402	6		Kwethluk	Kwethluk		4
PID-10	403	6		Kwigillingok	Kwigillingok		4
PID-10	404	6		Kwiguk	Kwiguk		4
PID-10	405	6		La Jolla	La Jolla		4
PID-10	406	6		La Posta	La Posta		4
PID-10	407	6		Lac Courte Oreilles	Lac Courte Oreilles		4
PID-10	408	6		Lac Vieux Desert Chippewa	Lac Vieux Desert Chippewa		4
PID-10	409	6		Lac du Flambeau	Lac du Flambeau		4
PID-10	410	6		Laguna	Laguna		4
PID-10	411	6		Lake Minchumina	Lake Minchumina		4
PID-10	412	6		Lake Superior	Lake Superior		4
PID-10	413	6		Lake Traverse Sioux	Lake Traverse Sioux		4
PID-10	414	6		Laotian	Laotian		4
PID-10	415	6		Larsen Bay	Larsen Bay		4
PID-10	416	6		Las Vegas	Las Vegas		4
PID-10	417	6		Lassik	Lassik		4
PID-10	418	6		Lebanese	Lebanese		4
PID-10	419	6		Leech Lake	Leech Lake		4
PID-10	420	6		Lenni-Lenape	Lenni-Lenape		4
PID-10	421	6		Levelock	Levelock		4
PID-10	422	6		Liberian	Liberian		4
PID-10	423	6		Lime	Lime		4
PID-10	424	6		Lipan Apache	Lipan Apache		4
PID-10	425	6		Little Shell Chippewa	Little Shell Chippewa		4
PID-10	426	6		Lone Pine	Lone Pine		4
PID-10	427	6		Long Island	Long Island		4
PID-10	428	6		Los Coyotes	Los Coyotes		4
PID-10	429	6		Lovelock	Lovelock		4
PID-10	430	6		Lower Brule Sioux	Lower Brule Sioux		4
PID-10	431	6		Lower Elwha	Lower Elwha		4
PID-10	432	6		Lower Kalskag	Lower Kalskag		4
PID-10	433	6		Lower Muscogee	Lower Muscogee		4
PID-10	434	6		Lower Sioux	Lower Sioux		4
PID-10	435	6		Lower Skagit	Lower Skagit		4
PID-10	436	6		Luiseno	Luiseno		4
PID-10	437	6		Lumbee	Lumbee		4
PID-10	438	6		Lummi	Lummi		4
PID-10	439	6		Machis Lower Creek Indian	Machis Lower Creek Indian		4
PID-10	440	6		Madagascar	Madagascar		4
PID-10	441	6		Maidu	Maidu		4
PID-10	442	6		Makah	Makah		4
PID-10	443	6		Malaysian	Malaysian		4
PID-10	444	6		Maldivian	Maldivian		4
PID-10	445	6		Malheur Paiute	Malheur Paiute		4
PID-10	446	6		Maliseet	Maliseet		4
PID-10	447	6		Mandan	Mandan		4
PID-10	448	6		Manley Hot Springs	Manley Hot Springs		4
PID-10	449	6		Manokotak	Manokotak		4
PID-10	450	6		Manzanita	Manzanita		4
PID-10	451	6		Mariana Islander	Mariana Islander		4
PID-10	452	6		Maricopa	Maricopa		4
PID-10	453	6		Marshall	Marshall		4
PID-10	454	6		Marshallese	Marshallese		4
PID-10	455	6		Marshantucket Pequot	Marshantucket Pequot		4
PID-10	456	6		Mary's Igloo	Mary's Igloo		4
PID-10	457	6		Mashpee Wampanoag	Mashpee Wampanoag		4
PID-10	458	6		Matinecock	Matinecock		4
PID-10	459	6		Mattaponi	Mattaponi		4
PID-10	460	6		Mattole	Mattole		4
PID-10	461	6		Mauneluk Inupiat	Mauneluk Inupiat		4
PID-10	462	6		Mcgrath	Mcgrath		4
PID-10	463	6		Mdewakanton Sioux	Mdewakanton Sioux		4
PID-10	464	6		Mekoryuk	Mekoryuk		4
PID-10	465	6		Melanesian	Melanesian		4
PID-10	466	6		Menominee	Menominee		4
PID-10	467	6		Mentasta Lake	Mentasta Lake		4
PID-10	468	6		Mesa Grande	Mesa Grande		4
PID-10	469	6		Mescalero Apache	Mescalero Apache		4
PID-10	470	6		Metlakatla	Metlakatla		4
PID-10	471	6		Mexican American Indian	Mexican American Indian		4
PID-10	472	6		Miami	Miami		4
PID-10	473	6		Miccosukee	Miccosukee		4
PID-10	474	6		Michigan Ottawa	Michigan Ottawa		4
PID-10	475	6		Micmac	Micmac		4
PID-10	476	6		Micronesian	Micronesian		4
PID-10	477	6		Middle Eastern or North African	Middle Eastern or North African		4
PID-10	478	6		Mille Lacs	Mille Lacs		4
PID-10	479	6		Miniconjou	Miniconjou		4
PID-10	480	6		Minnesota Chippewa	Minnesota Chippewa		4
PID-10	481	6		Minto	Minto		4
PID-10	482	6		Mission Indians	Mission Indians		4
PID-10	483	6		Mississippi Choctaw	Mississippi Choctaw		4
PID-10	484	6		Missouri Sac and Fox	Missouri Sac and Fox		4
PID-10	485	6		Miwok	Miwok		4
PID-10	486	6		Moapa	Moapa		4
PID-10	487	6		Modoc	Modoc		4
PID-10	488	6		Mohave	Mohave		4
PID-10	489	6		Mohawk	Mohawk		4
PID-10	490	6		Mohegan	Mohegan		4
PID-10	491	6		Molala	Molala		4
PID-10	492	6		Mono	Mono		4
PID-10	493	6		Montauk	Montauk		4
PID-10	494	6		Moor	Moor		4
PID-10	495	6		Morongo	Morongo		4
PID-10	496	6		Mountain Maidu	Mountain Maidu		4
PID-10	497	6		Mountain Village	Mountain Village		4
PID-10	498	6		Mowa Band of Choctaw	Mowa Band of Choctaw		4
PID-10	499	6		Muckleshoot	Muckleshoot		4
PID-10	500	6		Munsee	Munsee		4
PID-10	501	6		Naknek	Naknek		4
PID-10	502	6		Nambe	Nambe		4
PID-10	503	6		Namibian	Namibian		4
PID-10	504	6		Nana Inupiat	Nana Inupiat		4
PID-10	505	6		Nansemond	Nansemond		4
PID-10	506	6		Nanticoke	Nanticoke		4
PID-10	507	6		Napakiak	Napakiak		4
PID-10	508	6		Napaskiak	Napaskiak		4
PID-10	509	6		Napaumute	Napaumute		4
PID-10	510	6		Narragansett	Narragansett		4
PID-10	511	6		Natchez	Natchez		4
PID-10	512	6		Native Hawaiian	Native Hawaiian		4
PID-10	513	6	2076-8	Native Hawaiian or Pacific Islander	NATIVE_HAWAIIAN		4
PID-10	514	6		Nausu Waiwash	Nausu Waiwash		4
PID-10	515	6		Navajo	Navajo		4
PID-10	516	6		Nebraska Ponca	Nebraska Ponca		4
PID-10	517	6		Nebraska Winnebago	Nebraska Winnebago		4
PID-10	518	6		Nelson Lagoon	Nelson Lagoon		4
PID-10	519	6		Nenana	Nenana		4
PID-10	520	6		Nepalese	Nepalese		4
PID-10	521	6		New Hebrides	New Hebrides		4
PID-10	522	6		New Stuyahok	New Stuyahok		4
PID-10	523	6		Newhalen	Newhalen		4
PID-10	524	6		Newtok	Newtok		4
PID-10	525	6		Nez Perce	Nez Perce		4
PID-10	526	6		Nigerian	Nigerian		4
PID-10	527	6		Nightmute	Nightmute		4
PID-10	528	6		Nikolai	Nikolai		4
PID-10	529	6		Nikolski	Nikolski		4
PID-10	530	6		Ninilchik	Ninilchik		4
PID-10	531	6		Nipmuc	Nipmuc		4
PID-10	532	6		Nishinam	Nishinam		4
PID-10	533	6		Nisqually	Nisqually		4
PID-10	534	6		Noatak	Noatak		4
PID-10	535	6		Nomalaki	Nomalaki		4
PID-10	536	6		Nome	Nome		4
PID-10	537	6		Nondalton	Nondalton		4
PID-10	538	6		Nooksack	Nooksack		4
PID-10	539	6		Noorvik	Noorvik		4
PID-10	540	6		Northern Arapaho	Northern Arapaho		4
PID-10	541	6		Northern Cherokee	Northern Cherokee		4
PID-10	542	6		Northern Cheyenne	Northern Cheyenne		4
PID-10	543	6		Northern Paiute	Northern Paiute		4
PID-10	544	6		Northern Pomo	Northern Pomo		4
PID-10	545	6		Northway	Northway		4
PID-10	546	6		Northwest Tribes	Northwest Tribes		4
PID-10	547	6		Nuiqsut	Nuiqsut		4
PID-10	548	6		Nulato	Nulato		4
PID-10	549	6		Nunapitchukv	Nunapitchukv		4
PID-10	550	6		Oglala Sioux	Oglala Sioux		4
PID-10	551	6		Okinawan	Okinawan		4
PID-10	552	6		Oklahoma Apache	Oklahoma Apache		4
PID-10	553	6		Oklahoma Cado	Oklahoma Cado		4
PID-10	554	6		Oklahoma Choctaw	Oklahoma Choctaw		4
PID-10	555	6		Oklahoma Comanche	Oklahoma Comanche		4
PID-10	556	6		Oklahoma Delaware	Oklahoma Delaware		4
PID-10	557	6		Oklahoma Kickapoo	Oklahoma Kickapoo		4
PID-10	558	6		Oklahoma Kiowa	Oklahoma Kiowa		4
PID-10	559	6		Oklahoma Miami	Oklahoma Miami		4
PID-10	560	6		Oklahoma Ottawa	Oklahoma Ottawa		4
PID-10	561	6		Oklahoma Pawnee	Oklahoma Pawnee		4
PID-10	562	6		Oklahoma Peoria	Oklahoma Peoria		4
PID-10	563	6		Oklahoma Ponca	Oklahoma Ponca		4
PID-10	564	6		Oklahoma Sac and Fox	Oklahoma Sac and Fox		4
PID-10	565	6		Oklahoma Seminole	Oklahoma Seminole		4
PID-10	566	6		Old Harbor	Old Harbor		4
PID-10	567	6		Omaha	Omaha		4
PID-10	568	6		Oneida	Oneida		4
PID-10	569	6		Onondaga	Onondaga		4
PID-10	570	6		Ontonagon	Ontonagon		4
PID-10	571	6		Oregon Athabaskan	Oregon Athabaskan		4
PID-10	572	6		Osage	Osage		4
PID-10	573	6		Oscarville	Oscarville		4
PID-10	574	6		Other Pacific Islander	Other Pacific Islander		4
PID-10	575	6	2131-1	Other Race	Other Race		4
PID-10	576	6		Otoe-Missouria	Otoe-Missouria		4
PID-10	577	6		Ottawa	Ottawa		4
PID-10	578	6		Ouzinkie	Ouzinkie		4
PID-10	579	6		Owens Valley	Owens Valley		4
PID-10	580	6		Paiute	Paiute		4
PID-10	581	6		Pakistani	Pakistani		4
PID-10	582	6		Pala	Pala		4
PID-10	583	6		Palauan	Palauan		4
PID-10	584	6		Palestinian	Palestinian		4
PID-10	585	6		Pamunkey	Pamunkey		4
PID-10	586	6		Panamint	Panamint		4
PID-10	587	6		Papua New Guinean	Papua New Guinean		4
PID-10	588	6		Pascua Yaqui	Pascua Yaqui		4
PID-10	589	6		Passamaquoddy	Passamaquoddy		4
PID-10	590	6		Paugussett	Paugussett		4
PID-10	591	6		Pauloff Harbor	Pauloff Harbor		4
PID-10	592	6		Pauma	Pauma		4
PID-10	593	6		Pawnee	Pawnee		4
PID-10	594	6		Payson Apache	Payson Apache		4
PID-10	595	6		Pechanga	Pechanga		4
PID-10	596	6		Pedro Bay	Pedro Bay		4
PID-10	597	6		Pelican	Pelican		4
PID-10	598	6		Penobscot	Penobscot		4
PID-10	599	6		Peoria	Peoria		4
PID-10	600	6		Pequot	Pequot		4
PID-10	601	6		Perryville	Perryville		4
PID-10	602	6		Petersburg	Petersburg		4
PID-10	603	6		Picuris	Picuris		4
PID-10	604	6		Pilot Point	Pilot Point		4
PID-10	605	6		Pilot Station	Pilot Station		4
PID-10	606	6		Pima	Pima		4
PID-10	607	6		Pine Ridge Sioux	Pine Ridge Sioux		4
PID-10	608	6		Pipestone Sioux	Pipestone Sioux		4
PID-10	609	6		Piro	Piro		4
PID-10	610	6		Piscataway	Piscataway		4
PID-10	611	6		Pit River	Pit River		4
PID-10	612	6		Pitkas Point	Pitkas Point		4
PID-10	613	6		Platinum	Platinum		4
PID-10	614	6		Pleasant Point Passamaquoddy	Pleasant Point Passamaquoddy		4
PID-10	615	6		Poarch Band	Poarch Band		4
PID-10	616	6		Pocomoke Acohonock	Pocomoke Acohonock		4
PID-10	617	6		Pohnpeian	Pohnpeian		4
PID-10	618	6		Point Hope	Point Hope		4
PID-10	619	6		Point Lay	Point Lay		4
PID-10	620	6		Pojoaque	Pojoaque		4
PID-10	621	6		Pokagon Potawatomi	Pokagon Potawatomi		4
PID-10	622	6		Polish	Polish		4
PID-10	623	6		Polynesian	Polynesian		4
PID-10	624	6		Pomo	Pomo		4
PID-10	625	6		Ponca	Ponca		4
PID-10	626	6		Poospatuck	Poospatuck		4
PID-10	627	6		Port Gamble Klallam	Port Gamble Klallam		4
PID-10	628	6		Port Graham	Port Graham		4
PID-10	629	6		Port Heiden	Port Heiden		4
PID-10	630	6		Port Lions	Port Lions		4
PID-10	631	6		Port Madison	Port Madison		4
PID-10	632	6		Portage Creek	Portage Creek		4
PID-10	633	6		Potawatomi	Potawatomi		4
PID-10	634	6		Powhatan	Powhatan		4
PID-10	635	6		Prairie Band	Prairie Band		4
PID-10	636	6		Prairie Island Sioux	Prairie Island Sioux		4
PID-10	637	6		Principal Creek Indian Nation	Principal Creek Indian Nation		4
PID-10	638	6		Prior Lake Sioux	Prior Lake Sioux		4
PID-10	639	6		Pueblo	Pueblo		4
PID-10	640	6		Puget Sound Salish	Puget Sound Salish		4
PID-10	641	6		Puyallup	Puyallup		4
PID-10	642	6		Pyramid Lake	Pyramid Lake		4
PID-10	643	6		Qagan Toyagungin	Qagan Toyagungin		4
PID-10	644	6		Qawalangin	Qawalangin		4
PID-10	645	6		Quapaw	Quapaw		4
PID-10	646	6		Quechan	Quechan		4
PID-10	647	6		Quileute	Quileute		4
PID-10	648	6		Quinault	Quinault		4
PID-10	649	6		Quinhagak	Quinhagak		4
PID-10	650	6		Ramah Navajo	Ramah Navajo		4
PID-10	651	6		Rampart	Rampart		4
PID-10	652	6		Rampough Mountain	Rampough Mountain		4
PID-10	653	6		Rappahannock	Rappahannock		4
PID-10	654	6		Red Cliff Chippewa	Red Cliff Chippewa		4
PID-10	655	6		Red Devil	Red Devil		4
PID-10	656	6		Red Lake Chippewa	Red Lake Chippewa		4
PID-10	657	6		Red Wood	Red Wood		4
PID-10	658	6		Reno-Sparks	Reno-Sparks		4
PID-10	659	6		Rocky Boy's Chippewa Cree	Rocky Boy's Chippewa Cree		4
PID-10	660	6		Rosebud Sioux	Rosebud Sioux		4
PID-10	661	6		Round Valley	Round Valley		4
PID-10	662	6		Ruby	Ruby		4
PID-10	663	6		Ruby Valley	Ruby Valley		4
PID-10	664	6		Sac and Fox	Sac and Fox		4
PID-10	665	6		Saginaw Chippewa	Saginaw Chippewa		4
PID-10	666	6		Saipanese	Saipanese		4
PID-10	667	6		Salamatof	Salamatof		4
PID-10	668	6		Salinan	Salinan		4
PID-10	669	6		Salish	Salish		4
PID-10	670	6		Salish and Kootenai	Salish and Kootenai		4
PID-10	671	6		Salt River Pima-Maricopa	Salt River Pima-Maricopa		4
PID-10	672	6		Samish	Samish		4
PID-10	673	6		Samoan	Samoan		4
PID-10	674	6		San Carlos Apache	San Carlos Apache		4
PID-10	675	6		San Felipe	San Felipe		4
PID-10	676	6		San Ildefonso	San Ildefonso		4
PID-10	677	6		San Juan	San Juan		4
PID-10	678	6		San Juan De	San Juan De		4
PID-10	679	6		San Juan Pueblo	San Juan Pueblo		4
PID-10	680	6		San Juan Southern Paiute	San Juan Southern Paiute		4
PID-10	681	6		San Manual	San Manual		4
PID-10	682	6		San Pasqual	San Pasqual		4
PID-10	683	6		San Xavier	San Xavier		4
PID-10	684	6		Sand Hill	Sand Hill		4
PID-10	685	6		Sand Point	Sand Point		4
PID-10	686	6		Sandia	Sandia		4
PID-10	687	6		Sans Arc Sioux	Sans Arc Sioux		4
PID-10	688	6		Santa Ana	Santa Ana		4
PID-10	689	6		Santa Clara	Santa Clara		4
PID-10	690	6		Santa Rosa	Santa Rosa		4
PID-10	691	6		Santa Rosa Cahuilla	Santa Rosa Cahuilla		4
PID-10	692	6		Santa Ynez	Santa Ynez		4
PID-10	693	6		Santa Ysabel	Santa Ysabel		4
PID-10	694	6		Santee Sioux	Santee Sioux		4
PID-10	695	6		Santo Domingo	Santo Domingo		4
PID-10	696	6		Sauk-Suiattle	Sauk-Suiattle		4
PID-10	697	6		Sault Ste. Marie Chippewa	Sault Ste. Marie Chippewa		4
PID-10	698	6		Savoonga	Savoonga		4
PID-10	699	6		Saxman	Saxman		4
PID-10	700	6		Scammon Bay	Scammon Bay		4
PID-10	701	6		Schaghticoke	Schaghticoke		4
PID-10	702	6		Scott Valley	Scott Valley		4
PID-10	703	6		Scottish	Scottish		4
PID-10	704	6		Scotts Valley	Scotts Valley		4
PID-10	705	6		Selawik	Selawik		4
PID-10	706	6		Seldovia	Seldovia		4
PID-10	707	6		Sells	Sells		4
PID-10	708	6		Seminole	Seminole		4
PID-10	709	6		Seneca	Seneca		4
PID-10	710	6		Seneca Nation	Seneca Nation		4
PID-10	711	6		Seneca-Cayuga	Seneca-Cayuga		4
PID-10	712	6		Serrano	Serrano		4
PID-10	713	6		Setauket	Setauket		4
PID-10	714	6		Shageluk	Shageluk		4
PID-10	715	6		Shaktoolik	Shaktoolik		4
PID-10	716	6		Shasta	Shasta		4
PID-10	717	6		Shawnee	Shawnee		4
PID-10	718	6		Sheldon's Point	Sheldon's Point		4
PID-10	719	6		Shinnecock	Shinnecock		4
PID-10	720	6		Shishmaref	Shishmaref		4
PID-10	721	6		Shoalwater Bay	Shoalwater Bay		4
PID-10	722	6		Shoshone	Shoshone		4
PID-10	723	6		Shoshone Paiute	Shoshone Paiute		4
PID-10	724	6		Shungnak	Shungnak		4
PID-10	725	6		Siberian Eskimo	Siberian Eskimo		4
PID-10	726	6		Siberian Yupik	Siberian Yupik		4
PID-10	727	6		Siletz	Siletz		4
PID-10	728	6		Singaporean	Singaporean		4
PID-10	729	6		Sioux	Sioux		4
PID-10	730	6		Sisseton Sioux	Sisseton Sioux		4
PID-10	731	6		Sisseton-Wahpeton	Sisseton-Wahpeton		4
PID-10	732	6		Sitka	Sitka		4
PID-10	733	6		Siuslaw	Siuslaw		4
PID-10	734	6		Skokomish	Skokomish		4
PID-10	735	6		Skull Valley	Skull Valley		4
PID-10	736	6		Skykomish	Skykomish		4
PID-10	737	6		Slana	Slana		4
PID-10	738	6		Sleetmute	Sleetmute		4
PID-10	739	6		Snohomish	Snohomish		4
PID-10	740	6		Snoqualmie	Snoqualmie		4
PID-10	741	6		Soboba	Soboba		4
PID-10	742	6		Sokoagon Chippewa	Sokoagon Chippewa		4
PID-10	743	6		Solomon	Solomon		4
PID-10	744	6		Solomon Islander	Solomon Islander		4
PID-10	745	6		South American Indian	South American Indian		4
PID-10	746	6		South Fork Shoshone	South Fork Shoshone		4
PID-10	747	6		South Naknek	South Naknek		4
PID-10	748	6		Southeast Alaska	Southeast Alaska		4
PID-10	749	6		Southeastern Indians	Southeastern Indians		4
PID-10	750	6		Southern Arapaho	Southern Arapaho		4
PID-10	751	6		Southern Cheyenne	Southern Cheyenne		4
PID-10	752	6		Southern Paiute	Southern Paiute		4
PID-10	753	6		Spanish American Indian	Spanish American Indian		4
PID-10	754	6		Spirit Lake Sioux	Spirit Lake Sioux		4
PID-10	755	6		Spokane	Spokane		4
PID-10	756	6		Squaxin Island	Squaxin Island		4
PID-10	757	6		Sri Lankan	Sri Lankan		4
PID-10	758	6		St. Croix Chippewa	St. Croix Chippewa		4
PID-10	759	6		St. George	St. George		4
PID-10	760	6		St. Mary's	St. Mary's		4
PID-10	761	6		St. Michael	St. Michael		4
PID-10	762	6		St. Paul	St. Paul		4
PID-10	763	6		Standing Rock Sioux	Standing Rock Sioux		4
PID-10	764	6		Star Clan of Muscogee Creeks	Star Clan of Muscogee Creeks		4
PID-10	765	6		Stebbins	Stebbins		4
PID-10	766	6		Steilacoom	Steilacoom		4
PID-10	767	6		Stevens	Stevens		4
PID-10	768	6		Stewart	Stewart		4
PID-10	769	6		Stillaguamish	Stillaguamish		4
PID-10	770	6		Stockbridge	Stockbridge		4
PID-10	771	6		Stony River	Stony River		4
PID-10	772	6		Stonyford	Stonyford		4
PID-10	773	6		Sugpiaq	Sugpiaq		4
PID-10	774	6		Sulphur Bank	Sulphur Bank		4
PID-10	775	6		Summit Lake	Summit Lake		4
PID-10	776	6		Suqpigaq	Suqpigaq		4
PID-10	777	6		Suquamish	Suquamish		4
PID-10	778	6		Susanville	Susanville		4
PID-10	779	6		Susquehanock	Susquehanock		4
PID-10	780	6		Swinomish	Swinomish		4
PID-10	781	6		Sycuan	Sycuan		4
PID-10	782	6		Syrian	Syrian		4
PID-10	783	6		Table Bluff	Table Bluff		4
PID-10	784	6		Tachi	Tachi		4
PID-10	785	6		Tahitian	Tahitian		4
PID-10	786	6		Taiwanese	Taiwanese		4
PID-10	787	6		Takelma	Takelma		4
PID-10	788	6		Takotna	Takotna		4
PID-10	789	6		Talakamish	Talakamish		4
PID-10	790	6		Tanacross	Tanacross		4
PID-10	791	6		Tanaina	Tanaina		4
PID-10	792	6		Tanana	Tanana		4
PID-10	793	6		Tanana Chiefs	Tanana Chiefs		4
PID-10	794	6		Taos	Taos		4
PID-10	795	6		Tatitlek	Tatitlek		4
PID-10	796	6		Tazlina	Tazlina		4
PID-10	797	6		Te-Moak Western Shoshone	Te-Moak Western Shoshone		4
PID-10	798	6		Telida	Telida		4
PID-10	799	6		Teller	Teller		4
PID-10	800	6		Temecula	Temecula		4
PID-10	801	6		Tenakee Springs	Tenakee Springs		4
PID-10	802	6		Tenino	Tenino		4
PID-10	803	6		Tesuque	Tesuque		4
PID-10	804	6		Tetlin	Tetlin		4
PID-10	805	6		Teton Sioux	Teton Sioux		4
PID-10	806	6		Tewa	Tewa		4
PID-10	807	6		Texas Kickapoo	Texas Kickapoo		4
PID-10	808	6		Thai	Thai		4
PID-10	809	6		Thlopthlocco	Thlopthlocco		4
PID-10	810	6		Tigua	Tigua		4
PID-10	811	6		Tillamook	Tillamook		4
PID-10	812	6		Timbi-Sha Shoshone	Timbi-Sha Shoshone		4
PID-10	813	6		Tlingit	Tlingit		4
PID-10	814	6		Tlingit-Haida	Tlingit-Haida		4
PID-10	815	6		Tobagoan	Tobagoan		4
PID-10	816	6		Togiak	Togiak		4
PID-10	817	6		Tohono O'Odham	Tohono O'Odham		4
PID-10	818	6		Tok	Tok		4
PID-10	819	6		Tokelauan	Tokelauan		4
PID-10	820	6		Toksook	Toksook		4
PID-10	821	6		Tolowa	Tolowa		4
PID-10	822	6		Tonawanda Seneca	Tonawanda Seneca		4
PID-10	823	6		Tongan	Tongan		4
PID-10	824	6		Tonkawa	Tonkawa		4
PID-10	825	6		Torres-Martinez	Torres-Martinez		4
PID-10	826	6		Trinidadian	Trinidadian		4
PID-10	827	6		Trinity	Trinity		4
PID-10	828	6		Tsimshian	Tsimshian		4
PID-10	829	6		Tuckabachee	Tuckabachee		4
PID-10	830	6		Tulalip	Tulalip		4
PID-10	831	6		Tule River	Tule River		4
PID-10	832	6		Tulukskak	Tulukskak		4
PID-10	833	6		Tunica Biloxi	Tunica Biloxi		4
PID-10	834	6		Tuntutuliak	Tuntutuliak		4
PID-10	835	6		Tununak	Tununak		4
PID-10	836	6		Turtle Mountain	Turtle Mountain		4
PID-10	837	6		Tuscarora	Tuscarora		4
PID-10	838	6		Tuscola	Tuscola		4
PID-10	839	6		Twenty-Nine Palms	Twenty-Nine Palms		4
PID-10	840	6		Twin Hills	Twin Hills		4
PID-10	841	6		Two Kettle Sioux	Two Kettle Sioux		4
PID-10	842	6		Tygh	Tygh		4
PID-10	843	6		Tyonek	Tyonek		4
PID-10	844	6		Ugashik	Ugashik		4
PID-10	845	6		Uintah Ute	Uintah Ute		4
PID-10	846	6		Umatilla	Umatilla		4
PID-10	847	6		Umkumiate	Umkumiate		4
PID-10	848	6		Umpqua	Umpqua		4
PID-10	849	6		Unalakleet	Unalakleet		4
PID-10	850	6		Unalaska	Unalaska		4
PID-10	851	6		Unangan Aleut	Unangan Aleut		4
PID-10	852	6		Unavailable	OTHER_RACE		4
PID-10	853	6		Unga	Unga		4
PID-10	854	6		United Keetowah Band of Cherokee	United Keetowah Band of Cherokee		4
PID-10	855	6		Upper Chinook	Upper Chinook		4
PID-10	856	6		Upper Sioux	Upper Sioux		4
PID-10	857	6		Upper Skagit	Upper Skagit		4
PID-10	858	6		Ute	Ute		4
PID-10	859	6		Ute Mountain Ute	Ute Mountain Ute		4
PID-10	860	6		Utu Utu Gwaitu Paiute	Utu Utu Gwaitu Paiute		4
PID-10	861	6		Venetie	Venetie		4
PID-10	862	6		Vietnamese	Vietnamese		4
PID-10	863	6		Waccamaw-Siousan	Waccamaw-Siousan		4
PID-10	864	6		Wahpekute Sioux	Wahpekute Sioux		4
PID-10	865	6		Wahpeton Sioux	Wahpeton Sioux		4
PID-10	866	6		Wailaki	Wailaki		4
PID-10	867	6		Wainwright	Wainwright		4
PID-10	868	6		Wakiakum Chinook	Wakiakum Chinook		4
PID-10	869	6		Wales	Wales		4
PID-10	870	6		Walker River	Walker River		4
PID-10	871	6		Walla-Walla	Walla-Walla		4
PID-10	872	6		Wampanoag	Wampanoag		4
PID-10	873	6		Wappo	Wappo		4
PID-10	874	6		Warm Springs	Warm Springs		4
PID-10	875	6		Wascopum	Wascopum		4
PID-10	876	6		Washakie	Washakie		4
PID-10	877	6		Washoe	Washoe		4
PID-10	878	6		Wazhaza Sioux	Wazhaza Sioux		4
PID-10	879	6		Wenatchee	Wenatchee		4
PID-10	880	6		West Indian	West Indian		4
PID-10	881	6		Western Cherokee	Western Cherokee		4
PID-10	882	6		Western Chickahominy	Western Chickahominy		4
PID-10	883	6		Whilkut	Whilkut		4
PID-10	884	6	2106-3	White	WHITE		4
PID-10	885	6		White Earth	White Earth		4
PID-10	886	6		White Mountain	White Mountain		4
PID-10	887	6		White Mountain Apache	White Mountain Apache		4
PID-10	888	6		White Mountain Inupiat	White Mountain Inupiat		4
PID-10	889	6		Wichita	Wichita		4
PID-10	890	6		Wicomico	Wicomico		4
PID-10	891	6		Willapa Chinook	Willapa Chinook		4
PID-10	892	6		Wind River	Wind River		4
PID-10	893	6		Wind River Arapaho	Wind River Arapaho		4
PID-10	894	6		Wind River Shoshone	Wind River Shoshone		4
PID-10	895	6		Winnebago	Winnebago		4
PID-10	896	6		Winnemucca	Winnemucca		4
PID-10	897	6		Wintun	Wintun		4
PID-10	898	6		Wisconsin Potawatomi	Wisconsin Potawatomi		4
PID-10	899	6		Wiseman	Wiseman		4
PID-10	900	6		Wishram	Wishram		4
PID-10	901	6		Wiyot	Wiyot		4
PID-10	902	6		Wrangell	Wrangell		4
PID-10	903	6		Wyandotte	Wyandotte		4
PID-10	904	6		Yahooskin	Yahooskin		4
PID-10	905	6		Yakama	Yakama		4
PID-10	906	6		Yakama Cowlitz	Yakama Cowlitz		4
PID-10	907	6		Yakutat	Yakutat		4
PID-10	908	6		Yana	Yana		4
PID-10	909	6		Yankton Sioux	Yankton Sioux		4
PID-10	910	6		Yanktonai Sioux	Yanktonai Sioux		4
PID-10	911	6		Yapese	Yapese		4
PID-10	912	6		Yaqui	Yaqui		4
PID-10	913	6		Yavapai	Yavapai		4
PID-10	914	6		Yavapai Apache	Yavapai Apache		4
PID-10	915	6		Yerington Paiute	Yerington Paiute		4
PID-10	916	6		Yokuts	Yokuts		4
PID-10	917	6		Yomba	Yomba		4
PID-10	918	6		Yuchi	Yuchi		4
PID-10	919	6		Yuki	Yuki		4
PID-10	920	6		Yuman	Yuman		4
PID-10	921	6		Yupik Eskimo	Yupik Eskimo		4
PID-10	922	6		Yurok	Yurok		4
PID-10	923	6		Zairean	Zairean		4
PID-10	924	6		Zia	Zia		4
PID-10	925	6		Zuni	Zuni		4
PID-10	926	6		zzOther	zzOther		4
PID-22	2	9	MiHIN Value	Description	Hospital Value		4
PID-22	3	9	H	Hispanic or Latino	Hisp		2
PID-22	4	9	H	Hispanic or Latino	HISPANIC		4
PID-22	5	9	N	Not Hispanic or Latino	NOT_HISPANIC		4
PID-22	6	9	U	Unknown	UNKNOWN		4
PID-22	7	9	D	Declined			4
PID-22	8	9	AN	Alaskan Native 			4
PID-22	9	9	AR	Arabic 			4
PID-22	10	9	AS	Asian 			4
PID-22	11	9	CA	Caucasian			4
PID-22	12	9	CHA	Chaldean 			4
PID-22	13	9	CHI	Chinese 			4
PID-22	14	9	DU	Dutch 			4
PID-22	15	9	EG	Egyptian 			4
PID-22	16	9	FR	French 			4
PID-22	17	9	GER	German 			4
PID-22	18	9	GRE	Greek 			4
PID-22	19	9	HA	Hawaiian 			4
PID-22	20	9	IRA	Iranian 			4
PID-22	21	9	IRQ	Iraqi 			4
PID-22	22	9	IRH	Irish 			4
PID-22	23	9	ITA	Italian 			4
PID-22	24	9	JA	Japanese 			4
PID-22	25	9	JE	Jewish 			4
PID-22	26	9	JO	Jordanian 			4
PID-22	27	9	KO	Korean 			4
PID-22	28	9	LE	Lebanese  			4
PID-22	29	9	MAC	Macedonian 			4
PID-22	30	9	ME	Middle Eastern			4
PID-22	31	9	MUL	Multi-Ethnic 	Multiple		4
PID-22	32	9	NA	Native American			4
PID-22	33	9	O	Other 			4
PID-22	34	9	PO	Polish 			4
PID-22	35	9	RU	Russian 			4
PID-22	36	9	SC	Scottish 			4
PID-22	37	9	UK	Ukrainian 			4
PID-22	38	9	VIT	Vietnamese 			4
PID-30	2	12	MiHIN Value	Description	Hospital Value		4
PID-30	3	12	Y	Expired	E		2
PID-30	4	12	Y	Deceased/Yes	Y		4
PID-30	5	12	N	Not Deceased/No	N		4
DG1-6	2	15	MiHIN Value	Description	Hospital Value		4
DG1-6	3	15	A	Admitting	AD		2
DG1-6	4	15	A	Admitting	A 		4
DG1-6	5	15	F	Final	F		4
DG1-6	6	15	W	Working 	V		4
DG1-6	7	15	O	Other	D, S, P		4
PV1-2	2	18	MiHIN Value	Description	Hospital Value		4
PV1-2	3	18	E	Emergency	ER		2
PV1-2	4	18	B	Obstetrics			4
PV1-2	5	18	C	Commercial Account			4
PV1-2	6	18	E	Emergency	E		4
PV1-2	7	18	I	Inpatient	I		4
PV1-2	8	18	N	Not Applicable			4
PV1-2	9	18	O	Outpatient	O		4
PV1-2	10	18	P	Preadmit			4
PV1-2	11	18	R	Recurring patient			4
PV1-2	12	18	U	Unknown			4
PV1-2	13	18	IH	IP Hospice 			4
PV1-2	14	18	NB	Newborn			4
PV1-2	15	18	OB	Observation 			4
PV1-2	16	18	SN	Skilled Nursing 			4
PV1-2	17	18	SA	Surgery Admit 			4
PV1-4	2	21	MiHIN Value	Description	Hospital Value		4
PV1-4	3	21	E	Emergency	E		2
PV1-4	4	21	A	Accident			4
PV1-4	5	21	C	Elective	3		4
PV1-4	6	21	E	Emergency	1		4
PV1-4	7	21	L	Labor and Delivery	6		4
PV1-4	8	21	N	Newborn (Birth in healthcare facility)	4		4
PV1-4	9	21	R	Routine	7		4
PV1-4	10	21	U	Urgent	2		4
PV1-4	11	21	TC	Trauma Center 	5		4
PV1-4	12	21	O	Other	8		4
PV1-14	2	24	MiHIN Value	Description	Hospital Value		4
PV1-14	3	24	2	Clinic referral	E		2
PV1-14	4	24	1	Physician referral			4
PV1-14	5	24	2	Clinic referral	2		4
PV1-14	6	24	3	HMO referral			4
PV1-14	7	24	4	Transfer from a hospital	14,4		4
PV1-14	8	24	5	Transfer froma skilled nursing facility	5		4
PV1-14	9	24	6	Transfer from another health care facility	6,13		4
PV1-14	10	24	7	Emergency Room	7		4
PV1-14	11	24	8	Court/Law enforcement	8		4
PV1-14	12	24	9	Information not available	9,10,11		4
PV1-14	13	24	SR	Self-Referral	1		4
PV1-14	14	24	TRNF	Transfer from a non-health care facility			4
PV1-14	15	24	TRAD	Transfer from Ambulatory Department	12		4
PV1-18	2	27	MiHIN Suggested Values		Hospital Value	Description	4
PV1-18	3	27			A	Anonymous	2
PV1-18	4	27	1	Anonymous			4
PV1-18	5	27	2	Confidential			4
PV1-18	6	27	3	Employee			4
PV1-18	7	27	4	Dismissed			4
PV1-18	8	27	5	No Medicare			4
PV1-18	9	27	6	Prisoner			4
PV1-18	10	27	7	VIP			4
PV1-18	11	27	8	Staff Dependent			4
PV1-18	12	27	9	Benefactor			4
PV1-18	13	27	10	Employee Dependent			4
PV1-18	14	27	11	Non-Employee			4
PV1-18	15	27	12	Volunteer			4
PV1-18	16	27	13	Staff Physician			4
PV1-18	17	27	14	Non V.I.P			4
PV1-18	18	27	15	Retired Employee			4
PV1-18	19	27	42	Homeless			4
PV1-18	20	27	44	Celebrity			4
PV1-18	21	27	45	Donor			4
PV1-18	22	27	46	Transplant			4
PV1-18	23	27	47	Voucher			4
PV1-18	24	27	48	Board Member			4
PV1-18	25	27	49	Clergy			4
PV1-18	26	27	52	Other			4
PV1-18	27	27	58	Organ Donor			4
PV1-18	28	27	59	Organ 			4
PV1-18	29	27	60	Select Specialty			4
PV1-18	30	27			AS	Ambulance Services	00000000
PV1-18	31	27			CT	Client	00000000
PV1-18	32	27			CL	Clinic	00000000
PV1-18	33	27			DS	Day Surgery	00000000
PV1-18	34	27			EM	Emergency	00000000
PV1-18	35	27			HS	History	00000000
PV1-18	36	27			IN	Inpatient	00000000
PV1-18	37	27			OB	Observation	00000000
PV1-18	38	27			OP	Outpatient	00000000
PV1-18	39	27			OM	Outpatient Message	00000000
PV1-18	40	27			BD	Outpatient in a Bed	00000000
PV1-18	41	27			PR	PreRecurring	00000000
PV1-18	42	27			PA	Preadmit	00000000
PV1-18	43	27			PC	Preclient	00000000
PV1-18	44	27			PG	Prereg	00000000
PV1-18	45	27			RC	Recurring	00000000
PV1-18	46	27			SI	SNF Inpatient	00000000
PV1-10	2	31	MiHIN Suggested Values		Hospital Value	Description	4
PV1-10	3	31			121	Pediatrics	2
PV1-10	4	31	104	Cardiology - General	CAR		4
PV1-10	5	31	105	Emergency Medicine	EMR		4
PV1-10	6	31	107	Geriatrics			4
PV1-10	7	31	108	Gastroenterology	END		4
PV1-10	8	31	109	Gynecology	GYN		4
PV1-10	9	31	110	Hospice Medicine	HOS		4
PV1-10	10	31	111	Medical Intensive Care			4
PV1-10	11	31	112	Internal Medicine			4
PV1-10	12	31	114	Neuro ICU			4
PV1-10	13	31	115	Neurology	NEU		4
PV1-10	14	31	116	Neonatology	NEO		4
PV1-10	15	31	117	Obstetrics	OBC		4
PV1-10	16	31	118	Oncology	ONC		4
PV1-10	17	31	119	Orthopedics	ORT		4
PV1-10	18	31	121	Pediatrics	PED		4
PV1-10	19	31	123	Physical Medicine and Rehabilitation	RHB		4
PV1-10	20	31	124	General Surgery	SIN		4
PV1-10	21	31	125	Surgical Intensive Care			4
PV1-10	22	31	126	Nephrology Transplant			4
PV1-10	23	31	127	Acute Care Surgery			4
PV1-10	24	31	128	Allergy & Immunology			4
PV1-10	25	31	129	Anesthesiology			4
PV1-10	26	31	131	Dermatology			4
PV1-10	27	31	132	Family Medicine			4
PV1-10	28	31	133	Endocrinology			4
PV1-10	29	31	134	Genetics			4
PV1-10	30	31	135	Hematology	HEM		4
PV1-10	31	31	136	Infectious Disease	IFD		4
PV1-10	32	31	137	Nephrology			4
PV1-10	33	31	138	Neurosurgery			4
PV1-10	34	31	139	Ophthalmology	OPT		4
PV1-10	35	31	140	Otolaryngology/ENT			4
PV1-10	36	31	141	Plastic Surgery			4
PV1-10	37	31	143	Radiation Oncology	RDO		4
PV1-10	38	31	144	Rheumatology			4
PV1-10	39	31	145	Urology			4
PV1-10	40	31	148	Pharmacy			4
PV1-10	41	31	149	Interventional Radiology			4
PV1-10	42	31	150	Clinical Decision Unit			4
PV1-10	43	31	151	Wound/Ostomy Care	WND		4
PV1-10	44	31	153	Newborn	NEW		4
PV1-10	45	31	154	Labor and Delivery			4
PV1-10	46	31	156	Hospitalist Medicine			4
PV1-10	47	31	158	Select Specialty			4
PV1-10	48	31	161	Audiology			4
PV1-10	49	31	162	Behavioral Health - Psychology	BHV		4
PV1-10	50	31	163	Cardiology - Structural Heart Disease			4
PV1-10	51	31	165	Colon/Rectal Surgery			4
PV1-10	52	31	166	Gynecology/Oncology			4
PV1-10	53	31	172	Oral Surgery			4
PV1-10	54	31	175	Palliative Medicine 			4
PV1-10	55	31	178	Podiatry			4
PV1-10	56	31	180	Radiology			4
PV1-10	57	31	181	Sleep Center	SSD		4
PV1-10	58	31	184	Cardiac Surgery			4
PV1-10	59	31	185	Transplant			4
PV1-10	60	31	198	Bone Marrow Transplant			4
PV1-10	61	31	208	Chemotherapy			4
PV1-10	62	31	273	Pathology			4
PV1-10	63	31	293	Pulmonary			4
PV1-10	64	31	322	Thoracic Surgery			4
PV1-10	65	31	374	Transfusion Medicine			4
PV1-10	66	31	376	Family Practice			4
PV1-10	67	31	380	Orthopedic - Hand Surgery			4
PV1-10	68	31	381	Orthopedic - Spine			4
PV1-10	69	31	384	Hepatology			4
PV1-10	70	31	385	Pain Management	PNM		4
PV1-10	71	31	387	Urogynecology			4
PV1-10	72	31	399	Bone & Mineral			4
PV1-10	73	31	409	Cardiology - Electrophysiology			4
PV1-10	74	31	463	Bariatric Surgery	BAR		4
PV1-10	75	31	464	Intensive Care			4
PV1-10	76	31	465	Pulmonary Hypertension			4
PV1-10	77	31	466	Pulmonary Transplant			4
PV1-10	78	31	467	Pulmonary Interventional			4
PV1-10	79	31	469	Transplant HPB Surgery			4
PV1-10	80	31	470	Cardiothoracic Transplant			4
PV1-10	81	31	471	Vascular Surgery			4
PV1-10	82	31	472	Speech Pathology			4
PV1-10	83	31	473	Cardiology - Advanced Heart Failure/Transplant			4
PV1-10	84	31	474	Cardiology - Vascular Medicine			4
PV1-10	85	31	475	Physiatry			4
PV1-10	86	31	476	Orthopedic - Surgery			4
PV1-10	87	31	477	Cardiovascular SICU			4
PV1-10	88	31	478	Behavioral Health - Neuropsychology			4
PV1-10	89	31	479	Behavioral Health - Psychiatry			4
PV1-10	90	31	480	Surgical Endoscopy			4
PV1-10	91	31	481	Ethics			4
PV1-10	92	31	482	Trauma Surgery			4
PV1-10	94	31			ANC	Anti Coag	00000000
PV1-10	95	31			BMT	BMT	00000000
PV1-10	96	31			BTR	Bariatric	00000000
PV1-10	97	31			CTH	Cath Lab	00000000
PV1-10	98	31			CLN	Clinic	00000000
PV1-10	99	31			DIA	Dialysis	00000000
PV1-10	100	31			ENT	ENT	00000000
PV1-10	101	31			EDU	Education	00000000
PV1-10	102	31			ELC	Electrophysiology	00000000
PV1-10	103	31			IMG	Imaging Services	00000000
PV1-10	104	31			IFS	Infusion Services	00000000
PV1-10	105	31			LAB	Laboratory	00000000
PV1-10	106	31			LBC	Lab - Courier	00000000
PV1-10	107	31			MED	Medicine - General	00000000
PV1-10	108	31			MBI	Mobile Imaging	00000000
PV1-10	109	31			OBV	Observation	00000000
PV1-10	110	31			OPC	Organ Procurement	00000000
PV1-10	111	31			PTO	PT-OT-ST	00000000
PV1-10	112	31			PAT	Pre-admission Testing	00000000
PV1-10	113	31			RSH	Research	00000000
PV1-10	114	31			RPT	Respiratory	00000000
PV1-10	115	31			SAM	Surgery Ambulatory	00000000
PV1-10	116	31			SER	Surgery Extended Recovery	00000000
PV1-10	117	31			TRM	Trauma	00000000
PV1-10	118	31			VSC	Vascular Study	00000000
PV1-10	119	31			CSV	zzCommunity Services	00000000
PV1-10	120	31			THT	zzTelehealth	00000000
PV1-10	121	31			TRN	zzTransport	00000000
PV1-10	122	31			LTC	Long Term Care	00000000
PV1-10	123	31			P3T	Phase III Treatment	00000000
PV1-10	124	31			PRC	Precurring	00000000
PV1-10	125	31			REC	Recurring	00000000
PV1-36	2	35	MiHIN suggested values		Hospital Value	Description	4
PV1-36	3	35			01	Discharged to home or self care (routine discharge)	2
PV1-36	4	35	01	Discharged to home or self care (routine discharge)	1		4
PV1-36	5	35	02	Discharged/transferred to a short-term general hospital for inpatient care	2		4
PV1-36	6	35	03	Discharged/transferred to skilled nursing facility (SNF) with Medicare certification.	3		4
PV1-36	7	35	04	Discharged/transferred to an intermediate care facility (ICF)	4		4
PV1-36	8	35	05	Discharged/transferred to another type of institution not defined elsewhere in this code list	5		4
PV1-36	9	35	06	Discharged/transferred to home under care of organized home health service organization	6		4
PV1-36	10	35	07	Left against medical advice or discontinued care	7		4
PV1-36	11	35	08	Discharged/transferred to home under care of a Home IV provider	8		4
PV1-36	12	35	09	Admitted as an inpatient to this hospital	9		4
PV1-36	13	35	20	Expired	20		4
PV1-36	14	35	30	Still Patient	30		4
PV1-36	15	35	40	Expired at home			4
PV1-36	16	35	41	Expired in a medical facility (e.g. hospital, SNF, ICF, or free standing hospice)			4
PV1-36	17	35	42	Expired - place unknown			4
PV1-36	18	35	43	Discharged/transferred to a federal health care facility. (Effective 10/1/03)			4
PV1-36	19	35	50	Hospice - home			4
PV1-36	20	35	51	Hospice - medical facility			4
PV1-36	21	35	61	Discharged/transferred to hospital-based Medicare approved swing bed			4
PV1-36	22	35	62	Discharged/transferred to an inpatient rehabilitation facility (IRF) including rehabilitation distinct part units of a hospital. (Effective retroactive to 1/1/02.)			4
PV1-36	23	35	63	Discharged/transferred to a Medicare certified long term care hospital (LTCH).(Effective 5/9/02.)	50		4
PV1-36	24	35	64	Discharged/transferred to a nursing facility certified under Medicaid but not certified under Medicare. (Effective 10/1/02.)	51		4
PV1-36	25	35	65	Discharged/transferred to a psychiatric hospital or psychiatric distinct part unit of a hospital. (Effective 4/1/04)			4
PV1-36	26	35	66	Discharged/transferred to a Critical Access Hospital (CAH). (Effective 1/1/06)	61		4
PV1-36	27	35			62		4
PV1-36	28	35			63		4
PV1-36	29	35			64		4
PV1-36	30	35			65		4
PV1-36	31	35			66		4
PV1-36	36	35			11	Admitted to ICU	4
PV1-36	37	35			85	Cancer/Child Hosp - Plan ACH IP Readmit	4
PV1-36	38	35			21	Court/Law Enforcement	4
PV1-36	39	35			87	Court/Law Enforcmt - Plan ACH IP Readmit	4
PV1-36	40	35			94	Critical Acss Hosp - Plan ACH IP Readmit	4
PV1-36	41	35			84	Custodial Care Fac - Plan ACH IP Readmit	4
PV1-36	42	35			88	Fed Healthcare Fac - Plan ACH IP Readmit	4
PV1-36	43	35			43	Federal Healthcare Facility	4
PV1-36	44	35			86	Home or Self-care - Plan ACH IP Readmit	4
PV1-36	45	35			81	Home w Home Hlth - Plan ACH IP Readmit	4
PV1-36	46	35			12	ID/DD Facility	4
PV1-36	47	35			90	Inpatient Rehab - Plan ACH IP Readmit	4
PV1-36	48	35			14	Left Without Being Seen	4
PV1-36	49	35			15	Long Term Care Hsp - Plan ACH IP Readmit	4
PV1-36	50	35			92	Nursing Fac-Mcaid - Plan ACH IP Readmit	4
PV1-36	51	35			70	Other Healthcare Facility	4
PV1-36	52	35			95	Other Type HC Fac - Plan ACH IP Readmit	4
PV1-36	53	35			93	Psych Unit/Hosp - Plan ACH IP Readmit	4
PV1-36	54	35			82	Short Term Fac IP - Plan ACH IP Readmi	4
PV1-36	55	35			83	Skilled Nursng Fac - Plan ACH IP Readmit	4
PV1-36	56	35			89	Swing Bed (Mcare) - Plan ACH IP Readmit	4
PV1-36	57	35			69	zzDesigned Disaster Care Site	4
IN1-17	2	39	MiHIN Value	Description	Hospital Value		4
IN1-17	3	39	FTH	Father 	F		2
IN1-17	4	39	ASC	Associate			4
IN1-17	5	39	BRO	Brother 	BR		4
IN1-17	6	39	CGV	Care giver 			4
IN1-17	7	39	CHD	Child	CH		4
IN1-17	8	39	DEP	Handicapped dependant	OD		4
IN1-17	9	39	DOM	Life partner	LF		4
IN1-17	10	39	EMC	Emergency contact			4
IN1-17	11	39	EME	Employee			4
IN1-17	12	39	EMR	Employer			4
IN1-17	13	39	EXF	Extended family			4
IN1-17	14	39	FCH	Foster child 	FC		4
IN1-17	15	39	FND	Friend	FR		4
IN1-17	16	39	FTH	Father 	FA		4
IN1-17	17	39	GCH	Grandchild	GC		4
IN1-17	18	39	GRD	Guardian 	GU		4
IN1-17	19	39	GRP	Grandparent 	GY,GF,GX,GM		4
IN1-17	20	39	MGR	Manager			4
IN1-17	21	39	MTH	Mother 	MO		4
IN1-17	22	39	NCH	Natural child			4
IN1-17	23	39	NON	None			4
IN1-17	24	39	OAD	Other adult			4
IN1-17	25	39	OTH	Other 	OT,CO,DO,FP,NN,RE		4
IN1-17	26	39	OWN	Owner			4
IN1-17	27	39	PAR	Parent 	PA		4
IN1-17	28	39	SCH	Stepchild 	SC		4
IN1-17	29	39	SEL	Self	SE		4
IN1-17	30	39	SIB	Sibling 	SB		4
IN1-17	31	39	SIS	Sister 	SI		4
IN1-17	32	39	SPO	Spouse	SP		4
IN1-17	33	39	TRA	Trainer			4
IN1-17	34	39	UNK	Unknown	UN		4
IN1-17	35	39	WRD	Ward of court	WD		4
IN1-17	36	39	AUN	Aunt 	AU		4
IN1-17	37	39	DAU	Daughter	DA		4
IN1-17	38	39	EXS	Ex Spouse 			4
IN1-17	39	39	EXH	Ex-husband			4
IN1-17	40	39	EXW	Ex-wife 			4
IN1-17	41	39	INL	In Law 	IL		4
IN1-17	42	39	LEG	Legal Guardian 			4
IN1-17	43	39	SON	Son (S)	SO		4
IN1-17	44	39	STP	Step Parent (STP)	ST		4
IN1-17	45	39	STS	Step Sibling			4
IN1-17	46	39	UN	Uncle (UN)			4
IN1	2	42	IN1-3 Value	IN1-4 Value	Payer		4
IN1	3	42	1001	BCN	BCBSM		2
IN1	4	42	AAA	AAA Claims Office			00000000
IN1	5	42	AARP	AARP			00000000
IN1	6	42	362739571	AARP			00000000
IN1	7	42	ACWAI	ACW Ambulance Intercept			00000000
IN1	8	42	1383018129	AETNA			00000000
IN1	9	42	201052897	AETNA			00000000
IN1	10	42	66033492	AETNA			00000000
IN1	11	42	147M564	AETNA			00000000
IN1	12	42	APWU	APWU			00000000
IN1	13	42	ASR	ASR Insurance			00000000
IN1	14	42	1382651185	ASR Insurance			00000000
IN1	15	42	ADVO	Advomas			00000000
IN1	16	42	ASAUTO	Allstate Auto Insurance			00000000
IN1	17	42	AMPLAN	Ameraplan			00000000
IN1	18	42	ACM	American Comm Mut			00000000
IN1	19	42	ANC	American National Company			00000000
IN1	20	42	AMCAR	Amerihealth Caritas			00000000
IN1	21	42	ASSUR	Assurant Health			00000000
IN1	22	42	AIO	Auto Insurance Other			00000000
IN1	23	42	AUOWN	Auto Owners			00000000
IN1	24	42	BCCCNP	BCCCNP			00000000
IN1	25	42	841469824	Battle Creek VA Medical Center			00000000
IN1	26	42	BHO	Beacon Health Options			00000000
IN1	27	42	382359234	Blue Cross			00000000
IN1	28	42	1382069753	Blue Cross			00000000
IN1	29	42	382069753	Blue Cross			00000000
IN1	30	42	CMUSM	CMU Sports Medicine			00000000
IN1	31	42	463	Cigna			00000000
IN1	32	42	591031071	Cigna			00000000
IN1	33	42	860334392	Cigna			00000000
IN1	34	42	CIT	Citizens Insurance			00000000
IN1	35	42	COFIN	Cofinity			00000000
IN1	36	42	COMLIT	Commercial Litigation			00000000
IN1	37	42	CUI	Commercial Union Insurance CO			00000000
IN1	38	42	CMH	Community Mental Health			00000000
IN1	39	42	CONNGEN	Connecticut General			00000000
IN1	40	42	CMI	Consumers Mutual Insurance			00000000
IN1	41	42	COSSELF	Cosmetic Surgery Self	SELF-PAY		00000000
IN1	42	42	CTY	County			00000000
IN1	43	42	COVHC	Covenant Healthcare			00000000
IN1	44	42	421244752	Coventry Healthcare			00000000
IN1	45	42	1382242132	Coventry Healthcare			00000000
IN1	46	42	COVTY	Coventry Healthcare			00000000
IN1	47	42	DCON	Disability Consultants			00000000
IN1	48	42	EMPOCC	Employee Occ Health			00000000
IN1	49	42	FB	Farm Bureau			00000000
IN1	50	42	FARMINS	Farmers Insurance			00000000
IN1	51	42	FID	Fidelis			00000000
IN1	52	42	FHN	First Health Network			00000000
IN1	53	42	FMM	Frankenmuth Mutual			00000000
IN1	54	42	FREE	Free Clinic			00000000
IN1	55	42	FDMHLTH	Freedom Health			00000000
IN1	56	42	GEHA	GEHA			00000000
IN1	57	42	740651020	Government Personnel Mutual Health and Life Insurance			00000000
IN1	58	42	611103898	Government Personnel Mutual Health and Life Insurance			00000000
IN1	59	42	910782008	Government Personnel Mutual Health and Life Insurance			00000000
IN1	60	42	GWL	Great West Life			00000000
IN1	61	42	HAP	HAP	HAP		00000000
IN1	62	42	382651185	HAP	HAP		00000000
IN1	63	42	1383018129	HAP	HAP		00000000
IN1	64	42	382242827	HAP	HAP		00000000
IN1	65	42	999999999	HAP	HAP		00000000
IN1	66	42	HARBOR	Harbor Health			00000000
IN1	67	42	HTHCH	Health Choice			00000000
IN1	68	42	HMICAID	Health MI Caid	MEDICAID		00000000
IN1	69	42	205803273	Health Plus			00000000
IN1	70	42	382160688	Health Plus			00000000
IN1	71	42	10729151	Health Plus			00000000
IN1	72	42	382883315	Health Plus			00000000
IN1	73	42	HPLUS	Health Plus			00000000
IN1	74	42	HMIMISC	Healthy MI HMO Misc			00000000
IN1	75	42	HOSP	Hospitals			00000000
IN1	76	42	610647538	Humana			00000000
IN1	77	42	391263473	Humana			00000000
IN1	78	42	390714280	Humana			00000000
IN1	79	42	273991410	Humana			00000000
IN1	80	42	371326199	Humana			00000000
IN1	81	42	HMNA	Humana			00000000
IN1	82	42	201001348	Humana			00000000
IN1	83	42	HMC	Hurley Medical Center			00000000
IN1	84	42	383018129	JVHL Insurance			00000000
IN1	85	42	LAPMCF	Lapeer Co Med Care Facility			00000000
IN1	86	42	LAPCJ	Lapeer County Jail			00000000
IN1	87	42	MEEMIC	MEEMIC			00000000
IN1	88	42	MHBP	MHBP			00000000
IN1	89	42	MSUATHL	MSU Athletic Dept			00000000
IN1	90	42	MGLLN	Magellan			00000000
IN1	91	42	MCLRN	McLaren			00000000
IN1	92	42	912141720	McLaren			00000000
IN1	93	42	582209549	McLaren			00000000
IN1	94	42	383252216	McLaren			00000000
IN1	95	42	272204037	McLaren			00000000
IN1	96	42	HSPC	McLaren Hospice Service			00000000
IN1	97	42	345678901	Medicaid	MEDICAID		00000000
IN1	98	42	386000134	Medicaid	MEDICAID		00000000
IN1	99	42	MCAID	Medicaid	MEDICAID		00000000
IN1	100	42	MCAIDHMO	Medicaid HMO	MEDICAID		00000000
IN1	101	42	870129771	Medicare	MEDICARE		00000000
IN1	102	42	526050756	Medicare	MEDICARE		00000000
IN1	103	42	640431935	Medicare	MEDICARE		00000000
IN1	104	42	450173185	Medicare	MEDICARE		00000000
IN1	105	42	571062326	Medicare	MEDICARE		00000000
IN1	106	42	391268299	Medicare	MEDICARE		00000000
IN1	107	42	MCAREADV	Medicare Advantage	MEDICARE		00000000
IN1	108	42	383253977	Meridian	MERIDIAN		00000000
IN1	109	42	MERID	Meridian	MERIDIAN		00000000
IN1	110	42	203209671	Meridian	MERIDIAN		00000000
IN1	111	42	132611847	Miscellaneous Insurance Company			00000000
IN1	112	42	520419790	Miscellaneous Insurance Company			00000000
IN1	113	42	60974148	Miscellaneous Insurance Company			00000000
IN1	114	42	472582248	Miscellaneous Insurance Company			00000000
IN1	115	42	351973675	Miscellaneous Insurance Company			00000000
IN1	116	42	752611444	Miscellaneous Insurance Company			00000000
IN1	117	42	MISC	Miscellaneous Insurance Company			00000000
IN1	118	42	MLNA	Molina	Molina		00000000
IN1	119	42	383341599	Molina	Molina		00000000
IN1	120	42	134204626	Molina	Molina		00000000
IN1	121	42	MO	Mutual of Omaha			00000000
IN1	122	42	470246511	Mutual of Omaha			00000000
IN1	123	42	756010770	Mutual of Omaha			00000000
IN1	124	42	205873230	Mutual of Omaha			00000000
IN1	125	42	470322111	Mutual of Omaha			00000000
IN1	126	42	NALC	NALC			00000000
IN1	127	42	NGS	Northern Group Services			00000000
IN1	128	42	OHFW	Oxford Health Financial World			00000000
IN1	129	42	PHP	PHP			00000000
IN1	130	42	205565219	PHP			00000000
IN1	131	42	382356288	PHP			00000000
IN1	132	42	383344741	PHP			00000000
IN1	133	42	341858379	Prairie States			00000000
IN1	134	42	383085182	Priority	PRIORITY		00000000
IN1	135	42	201529553	Priority	PRIORITY		00000000
IN1	136	42	382715520	Priority	PRIORITY		00000000
IN1	137	42	PAI	Progressive Auto Insurance			00000000
IN1	138	42	RCBP	RCBP			00000000
IN1	139	42	REDI	REDIMED			00000000
IN1	140	42	RCT	Research Clinical Trial			00000000
IN1	141	42	RISK	Risk Management			00000000
IN1	142	42	Self Pay	SELF PAY	SELF-PAY		00000000
IN1	143	42	SSH	Select Specialty Hospital			00000000
IN1	144	42	SENTRY	Sentry Insurance			00000000
IN1	145	42	383146604	Sparrow Health Network			00000000
IN1	146	42	SPARROW	Sparrow Health Network			00000000
IN1	147	42	364497604	Sparrow Health Network			00000000
IN1	148	42	370533100	State Farm			00000000
IN1	149	42	STFRM	State Farm			00000000
IN1	150	42	TPA	TPA			00000000
IN1	151	42	1363086057	TPA			00000000
IN1	152	42	363086057	TPA			00000000
IN1	153	42	THC	Total Health Care			00000000
IN1	154	42	TRAV	Travelers			00000000
IN1	155	42	680214809	TriCare			00000000
IN1	156	42	611241225	TriCare			00000000
IN1	157	42	TRI	TriCare			00000000
IN1	158	42	201902768	United Healthcare			00000000
IN1	159	42	352493256	United Healthcare			00000000
IN1	160	42	742270442	United Healthcare			00000000
IN1	161	42	411490988	United Healthcare			00000000
IN1	162	42	391995276	United Healthcare			00000000
IN1	163	42	222287726	United Healthcare			00000000
IN1	164	42	363379945	United Healthcare			00000000
IN1	165	42	UHC	United Healthcare			00000000
IN1	166	42	411289245	United Healthcare			00000000
IN1	167	42	VA	Veteran Administration			00000000
IN1	168	42	1841469824	Veterans			00000000
IN1	169	42	1680214809	Veterans			00000000
IN1	170	42	VET	Veterans			00000000
IN1	171	42	WC	Workers Comp			00000000
IN1	172	42	RRT Hospital	YY Training - Hospital			00000000
IN1	173	42	ZEL	Zelis Heathcare			00000000
IN1	174	42	520419790	Miscellaneous Insurance Company			00000000
IN1	175	42	571062326	Medicare	MEDICARE		00000000
IN1	176	42	582209549	McLaren			00000000
